序号,经度,纬度
1,120.678393,36.359419
2,120.679219,36.359199
3,120.679605,36.359059
4,120.680120,36.358871
5,120.680517,36.358732
6,120.683011,36.357820
7,120.683762,36.357541
8,120.683848,36.357509
9,120.684455,36.357289
10,120.685254,36.356994
11,120.686139,36.356677
12,120.687045,36.356334
13,120.689180,36.355540
14,120.690490,36.355057
15,120.691471,36.354725
16,120.692270,36.354462
17,120.693107,36.354172
18,120.693724,36.353990
19,120.693933,36.353952
20,120.678413,36.359414
21,120.678432,36.359409
22,120.678452,36.359403
23,120.678472,36.359398
24,120.678491,36.359393
25,120.678511,36.359388
26,120.678531,36.359382
27,120.678550,36.359377
28,120.678570,36.359372
29,120.678590,36.359367
30,120.678609,36.359361
31,120.678629,36.359356
32,120.678649,36.359351
33,120.678668,36.359346
34,120.678688,36.359340
35,120.678708,36.359335
36,120.678727,36.359330
37,120.678747,36.359325
38,120.678767,36.359319
39,120.678786,36.359314
40,120.678806,36.359309
41,120.678826,36.359304
42,120.678845,36.359299
43,120.678865,36.359293
44,120.678885,36.359288
45,120.678904,36.359283
46,120.678924,36.359278
47,120.678944,36.359272
48,120.678963,36.359267
49,120.678983,36.359262
50,120.679003,36.359257
51,120.679022,36.359251
52,120.679042,36.359246
53,120.679062,36.359241
54,120.679081,36.359236
55,120.679101,36.359230
56,120.679121,36.359225
57,120.679140,36.359220
58,120.679160,36.359215
59,120.679180,36.359209
60,120.679199,36.359204
61,120.679238,36.359192
62,120.679258,36.359185
63,120.679277,36.359178
64,120.679296,36.359171
65,120.679316,36.359164
66,120.679335,36.359157
67,120.679354,36.359150
68,120.679373,36.359143
69,120.679393,36.359136
70,120.679412,36.359129
71,120.679431,36.359122
72,120.679451,36.359115
73,120.679470,36.359108
74,120.679489,36.359101
75,120.679508,36.359094
76,120.679528,36.359087
77,120.679547,36.359080
78,120.679566,36.359073
79,120.679586,36.359066
80,120.679624,36.359052
81,120.679643,36.359045
82,120.679662,36.359038
83,120.679681,36.359031
84,120.679700,36.359024
85,120.679719,36.359017
86,120.679739,36.359010
87,120.679758,36.359003
88,120.679777,36.358996
89,120.679796,36.358989
90,120.679815,36.358982
91,120.679834,36.358975
92,120.679853,36.358968
93,120.679872,36.358962
94,120.679891,36.358955
95,120.679910,36.358948
96,120.679929,36.358941
97,120.679948,36.358934
98,120.679967,36.358927
99,120.679986,36.358920
100,120.680006,36.358913
101,120.680025,36.358906
102,120.680044,36.358899
103,120.680063,36.358892
104,120.680082,36.358885
105,120.680101,36.358878
106,120.680139,36.358864
107,120.680158,36.358858
108,120.680177,36.358851
109,120.680196,36.358845
110,120.680215,36.358838
111,120.680233,36.358831
112,120.680252,36.358825
113,120.680271,36.358818
114,120.680290,36.358811
115,120.680309,36.358805
116,120.680328,36.358798
117,120.680347,36.358792
118,120.680366,36.358785
119,120.680385,36.358778
120,120.680404,36.358772
121,120.680422,36.358765
122,120.680441,36.358758
123,120.680460,36.358752
124,120.680479,36.358745
125,120.680498,36.358739
126,120.680536,36.358725
127,120.680555,36.358718
128,120.680574,36.358711
129,120.680593,36.358704
130,120.680611,36.358697
131,120.680630,36.358691
132,120.680649,36.358684
133,120.680668,36.358677
134,120.680687,36.358670
135,120.680706,36.358663
136,120.680725,36.358656
137,120.680744,36.358649
138,120.680763,36.358642
139,120.680782,36.358635
140,120.680800,36.358628
141,120.680819,36.358621
142,120.680838,36.358615
143,120.680857,36.358608
144,120.680876,36.358601
145,120.680895,36.358594
146,120.680914,36.358587
147,120.680933,36.358580
148,120.680952,36.358573
149,120.680970,36.358566
150,120.680989,36.358559
151,120.681008,36.358552
152,120.681027,36.358545
153,120.681046,36.358539
154,120.681065,36.358532
155,120.681084,36.358525
156,120.681103,36.358518
157,120.681122,36.358511
158,120.681140,36.358504
159,120.681159,36.358497
160,120.681178,36.358490
161,120.681197,36.358483
162,120.681216,36.358476
163,120.681235,36.358469
164,120.681254,36.358463
165,120.681273,36.358456
166,120.681292,36.358449
167,120.681311,36.358442
168,120.681329,36.358435
169,120.681348,36.358428
170,120.681367,36.358421
171,120.681386,36.358414
172,120.681405,36.358407
173,120.681424,36.358400
174,120.681443,36.358393
175,120.681462,36.358387
176,120.681481,36.358380
177,120.681499,36.358373
178,120.681518,36.358366
179,120.681537,36.358359
180,120.681556,36.358352
181,120.681575,36.358345
182,120.681594,36.358338
183,120.681613,36.358331
184,120.681632,36.358324
185,120.681651,36.358317
186,120.681670,36.358311
187,120.681688,36.358304
188,120.681707,36.358297
189,120.681726,36.358290
190,120.681745,36.358283
191,120.681764,36.358276
192,120.681783,36.358269
193,120.681802,36.358262
194,120.681821,36.358255
195,120.681840,36.358248
196,120.681858,36.358241
197,120.681877,36.358235
198,120.681896,36.358228
199,120.681915,36.358221
200,120.681934,36.358214
201,120.681953,36.358207
202,120.681972,36.358200
203,120.681991,36.358193
204,120.682010,36.358186
205,120.682029,36.358179
206,120.682047,36.358172
207,120.682066,36.358165
208,120.682085,36.358159
209,120.682104,36.358152
210,120.682123,36.358145
211,120.682142,36.358138
212,120.682161,36.358131
213,120.682180,36.358124
214,120.682199,36.358117
215,120.682217,36.358110
216,120.682236,36.358103
217,120.682255,36.358096
218,120.682274,36.358089
219,120.682293,36.358083
220,120.682312,36.358076
221,120.682331,36.358069
222,120.682350,36.358062
223,120.682369,36.358055
224,120.682387,36.358048
225,120.682406,36.358041
226,120.682425,36.358034
227,120.682444,36.358027
228,120.682463,36.358020
229,120.682482,36.358013
230,120.682501,36.358007
231,120.682520,36.358000
232,120.682539,36.357993
233,120.682558,36.357986
234,120.682576,36.357979
235,120.682595,36.357972
236,120.682614,36.357965
237,120.682633,36.357958
238,120.682652,36.357951
239,120.682671,36.357944
240,120.682690,36.357937
241,120.682709,36.357931
242,120.682728,36.357924
243,120.682746,36.357917
244,120.682765,36.357910
245,120.682784,36.357903
246,120.682803,36.357896
247,120.682822,36.357889
248,120.682841,36.357882
249,120.682860,36.357875
250,120.682879,36.357868
251,120.682898,36.357861
252,120.682917,36.357855
253,120.682935,36.357848
254,120.682954,36.357841
255,120.682973,36.357834
256,120.682992,36.357827
257,120.683030,36.357813
258,120.683049,36.357806
259,120.683067,36.357799
260,120.683086,36.357792
261,120.683105,36.357785
262,120.683124,36.357778
263,120.683142,36.357771
264,120.683161,36.357764
265,120.683180,36.357757
266,120.683199,36.357750
267,120.683218,36.357743
268,120.683236,36.357736
269,120.683255,36.357729
270,120.683274,36.357722
271,120.683293,36.357715
272,120.683311,36.357708
273,120.683330,36.357701
274,120.683349,36.357694
275,120.683368,36.357687
276,120.683386,36.357681
277,120.683405,36.357674
278,120.683424,36.357667
279,120.683443,36.357660
280,120.683462,36.357653
281,120.683480,36.357646
282,120.683499,36.357639
283,120.683518,36.357632
284,120.683537,36.357625
285,120.683555,36.357618
286,120.683574,36.357611
287,120.683593,36.357604
288,120.683612,36.357597
289,120.683631,36.357590
290,120.683649,36.357583
291,120.683668,36.357576
292,120.683687,36.357569
293,120.683706,36.357562
294,120.683724,36.357555
295,120.683743,36.357548
296,120.683784,36.357533
297,120.683805,36.357525
298,120.683826,36.357517
299,120.683867,36.357502
300,120.683886,36.357495
301,120.683905,36.357488
302,120.683924,36.357481
303,120.683943,36.357475
304,120.683962,36.357468
305,120.683981,36.357461
306,120.684000,36.357454
307,120.684019,36.357447
308,120.684038,36.357440
309,120.684057,36.357433
310,120.684076,36.357427
311,120.684095,36.357420
312,120.684114,36.357413
313,120.684133,36.357406
314,120.684151,36.357399
315,120.684170,36.357392
316,120.684189,36.357385
317,120.684208,36.357378
318,120.684227,36.357371
319,120.684246,36.357365
320,120.684265,36.357358
321,120.684284,36.357351
322,120.684303,36.357344
323,120.684322,36.357337
324,120.684341,36.357330
325,120.684360,36.357323
326,120.684379,36.357317
327,120.684398,36.357310
328,120.684417,36.357303
329,120.684436,36.357296
330,120.684474,36.357282
331,120.684493,36.357275
332,120.684512,36.357268
333,120.684531,36.357261
334,120.684550,36.357254
335,120.684569,36.357247
336,120.684588,36.357240
337,120.684607,36.357233
338,120.684626,36.357226
339,120.684645,36.357219
340,120.684664,36.357212
341,120.684683,36.357205
342,120.684702,36.357198
343,120.684721,36.357191
344,120.684740,36.357184
345,120.684759,36.357177
346,120.684778,36.357170
347,120.684797,36.357163
348,120.684816,36.357156
349,120.684835,36.357149
350,120.684855,36.357141
351,120.684874,36.357134
352,120.684893,36.357127
353,120.684912,36.357120
354,120.684931,36.357113
355,120.684950,36.357106
356,120.684969,36.357099
357,120.684988,36.357092
358,120.685007,36.357085
359,120.685026,36.357078
360,120.685045,36.357071
361,120.685064,36.357064
362,120.685083,36.357057
363,120.685102,36.357050
364,120.685121,36.357043
365,120.685140,36.357036
366,120.685159,36.357029
367,120.685178,36.357022
368,120.685197,36.357015
369,120.685216,36.357008
370,120.685235,36.357001
371,120.685273,36.356987
372,120.685292,36.356981
373,120.685310,36.356974
374,120.685329,36.356967
375,120.685348,36.356960
376,120.685367,36.356954
377,120.685386,36.356947
378,120.685405,36.356940
379,120.685423,36.356933
380,120.685442,36.356927
381,120.685461,36.356920
382,120.685480,36.356913
383,120.685499,36.356906
384,120.685518,36.356900
385,120.685536,36.356893
386,120.685555,36.356886
387,120.685574,36.356879
388,120.685593,36.356873
389,120.685612,36.356866
390,120.685631,36.356859
391,120.685649,36.356852
392,120.685668,36.356846
393,120.685687,36.356839
394,120.685706,36.356832
395,120.685725,36.356825
396,120.685744,36.356819
397,120.685762,36.356812
398,120.685781,36.356805
399,120.685800,36.356798
400,120.685819,36.356792
401,120.685838,36.356785
402,120.685857,36.356778
403,120.685875,36.356771
404,120.685894,36.356765
405,120.685913,36.356758
406,120.685932,36.356751
407,120.685951,36.356744
408,120.685970,36.356738
409,120.685988,36.356731
410,120.686007,36.356724
411,120.686026,36.356717
412,120.686045,36.356711
413,120.686064,36.356704
414,120.686083,36.356697
415,120.686101,36.356690
416,120.686120,36.356684
417,120.686158,36.356670
418,120.686177,36.356663
419,120.686196,36.356656
420,120.686214,36.356648
421,120.686233,36.356641
422,120.686252,36.356634
423,120.686271,36.356627
424,120.686290,36.356620
425,120.686309,36.356613
426,120.686328,36.356606
427,120.686347,36.356598
428,120.686365,36.356591
429,120.686384,36.356584
430,120.686403,36.356577
431,120.686422,36.356570
432,120.686441,36.356563
433,120.686460,36.356556
434,120.686479,36.356548
435,120.686498,36.356541
436,120.686516,36.356534
437,120.686535,36.356527
438,120.686554,36.356520
439,120.686573,36.356513
440,120.686592,36.356505
441,120.686611,36.356498
442,120.686630,36.356491
443,120.686649,36.356484
444,120.686667,36.356477
445,120.686686,36.356470
446,120.686705,36.356463
447,120.686724,36.356455
448,120.686743,36.356448
449,120.686762,36.356441
450,120.686781,36.356434
451,120.686800,36.356427
452,120.686819,36.356420
453,120.686837,36.356413
454,120.686856,36.356405
455,120.686875,36.356398
456,120.686894,36.356391
457,120.686913,36.356384
458,120.686932,36.356377
459,120.686951,36.356370
460,120.686970,36.356363
461,120.686988,36.356355
462,120.687007,36.356348
463,120.687026,36.356341
464,120.687064,36.356327
465,120.687083,36.356320
466,120.687102,36.356313
467,120.687121,36.356306
468,120.687139,36.356299
469,120.687158,36.356292
470,120.687177,36.356285
471,120.687196,36.356278
472,120.687215,36.356271
473,120.687234,36.356264
474,120.687253,36.356257
475,120.687272,36.356250
476,120.687291,36.356243
477,120.687310,36.356236
478,120.687328,36.356229
479,120.687347,36.356222
480,120.687366,36.356215
481,120.687385,36.356208
482,120.687404,36.356200
483,120.687423,36.356193
484,120.687442,36.356186
485,120.687461,36.356179
486,120.687480,36.356172
487,120.687498,36.356165
488,120.687517,36.356158
489,120.687536,36.356151
490,120.687555,36.356144
491,120.687574,36.356137
492,120.687593,36.356130
493,120.687612,36.356123
494,120.687631,36.356116
495,120.687650,36.356109
496,120.687668,36.356102
497,120.687687,36.356095
498,120.687706,36.356088
499,120.687725,36.356081
500,120.687744,36.356074
501,120.687763,36.356067
502,120.687782,36.356060
503,120.687801,36.356053
504,120.687820,36.356046
505,120.687839,36.356039
506,120.687857,36.356032
507,120.687876,36.356025
508,120.687895,36.356018
509,120.687914,36.356011
510,120.687933,36.356004
511,120.687952,36.355997
512,120.687971,36.355990
513,120.687990,36.355983
514,120.688009,36.355976
515,120.688027,36.355969
516,120.688046,36.355962
517,120.688065,36.355955
518,120.688084,36.355948
519,120.688103,36.355941
520,120.688122,36.355933
521,120.688141,36.355926
522,120.688160,36.355919
523,120.688179,36.355912
524,120.688198,36.355905
525,120.688216,36.355898
526,120.688235,36.355891
527,120.688254,36.355884
528,120.688273,36.355877
529,120.688292,36.355870
530,120.688311,36.355863
531,120.688330,36.355856
532,120.688349,36.355849
533,120.688368,36.355842
534,120.688386,36.355835
535,120.688405,36.355828
536,120.688424,36.355821
537,120.688443,36.355814
538,120.688462,36.355807
539,120.688481,36.355800
540,120.688500,36.355793
541,120.688519,36.355786
542,120.688538,36.355779
543,120.688557,36.355772
544,120.688575,36.355765
545,120.688594,36.355758
546,120.688613,36.355751
547,120.688632,36.355744
548,120.688651,36.355737
549,120.688670,36.355730
550,120.688689,36.355723
551,120.688708,36.355716
552,120.688727,36.355709
553,120.688745,36.355702
554,120.688764,36.355695
555,120.688783,36.355688
556,120.688802,36.355681
557,120.688821,36.355674
558,120.688840,36.355666
559,120.688859,36.355659
560,120.688878,36.355652
561,120.688897,36.355645
562,120.688915,36.355638
563,120.688934,36.355631
564,120.688953,36.355624
565,120.688972,36.355617
566,120.688991,36.355610
567,120.689010,36.355603
568,120.689029,36.355596
569,120.689048,36.355589
570,120.689067,36.355582
571,120.689086,36.355575
572,120.689104,36.355568
573,120.689123,36.355561
574,120.689142,36.355554
575,120.689161,36.355547
576,120.689199,36.355533
577,120.689218,36.355526
578,120.689237,36.355519
579,120.689256,36.355512
580,120.689275,36.355505
581,120.689294,36.355498
582,120.689313,36.355491
583,120.689332,36.355484
584,120.689351,36.355477
585,120.689370,36.355470
586,120.689389,36.355463
587,120.689408,36.355456
588,120.689427,36.355449
589,120.689446,36.355442
590,120.689465,36.355435
591,120.689484,36.355428
592,120.689503,36.355421
593,120.689522,36.355414
594,120.689541,36.355407
595,120.689560,36.355400
596,120.689579,36.355393
597,120.689598,36.355386
598,120.689617,36.355379
599,120.689636,36.355372
600,120.689655,36.355365
601,120.689674,36.355358
602,120.689693,36.355351
603,120.689712,36.355344
604,120.689731,36.355337
605,120.689750,36.355330
606,120.689769,36.355323
607,120.689788,36.355316
608,120.689807,36.355309
609,120.689826,36.355302
610,120.689844,36.355295
611,120.689863,36.355288
612,120.689882,36.355281
613,120.689901,36.355274
614,120.689920,36.355267
615,120.689939,36.355260
616,120.689958,36.355253
617,120.689977,36.355246
618,120.689996,36.355239
619,120.690015,36.355232
620,120.690034,36.355225
621,120.690053,36.355218
622,120.690072,36.355211
623,120.690091,36.355204
624,120.690110,36.355197
625,120.690129,36.355190
626,120.690148,36.355183
627,120.690167,36.355176
628,120.690186,36.355169
629,120.690205,36.355162
630,120.690224,36.355155
631,120.690243,36.355148
632,120.690262,36.355141
633,120.690281,36.355134
634,120.690300,36.355127
635,120.690319,36.355120
636,120.690338,36.355113
637,120.690357,36.355106
638,120.690376,36.355099
639,120.690395,36.355092
640,120.690414,36.355085
641,120.690433,36.355078
642,120.690452,36.355071
643,120.690471,36.355064
644,120.690509,36.355050
645,120.690528,36.355044
646,120.690548,36.355037
647,120.690567,36.355031
648,120.690586,36.355024
649,120.690605,36.355018
650,120.690625,36.355011
651,120.690644,36.355005
652,120.690663,36.354998
653,120.690682,36.354992
654,120.690702,36.354985
655,120.690721,36.354979
656,120.690740,36.354972
657,120.690759,36.354966
658,120.690779,36.354959
659,120.690798,36.354953
660,120.690817,36.354946
661,120.690836,36.354940
662,120.690855,36.354933
663,120.690875,36.354927
664,120.690894,36.354920
665,120.690913,36.354914
666,120.690932,36.354907
667,120.690952,36.354901
668,120.690971,36.354894
669,120.690990,36.354888
670,120.691009,36.354881
671,120.691029,36.354875
672,120.691048,36.354868
673,120.691067,36.354862
674,120.691086,36.354855
675,120.691106,36.354849
676,120.691125,36.354842
677,120.691144,36.354836
678,120.691163,36.354829
679,120.691182,36.354823
680,120.691202,36.354816
681,120.691221,36.354810
682,120.691240,36.354803
683,120.691259,36.354797
684,120.691279,36.354790
685,120.691298,36.354784
686,120.691317,36.354777
687,120.691336,36.354771
688,120.691356,36.354764
689,120.691375,36.354758
690,120.691394,36.354751
691,120.691413,36.354745
692,120.691433,36.354738
693,120.691452,36.354732
694,120.691490,36.354719
695,120.691509,36.354712
696,120.691528,36.354706
697,120.691547,36.354700
698,120.691566,36.354694
699,120.691585,36.354687
700,120.691604,36.354681
701,120.691623,36.354675
702,120.691642,36.354669
703,120.691661,36.354662
704,120.691680,36.354656
705,120.691699,36.354650
706,120.691718,36.354644
707,120.691737,36.354637
708,120.691756,36.354631
709,120.691775,36.354625
710,120.691794,36.354619
711,120.691813,36.354612
712,120.691832,36.354606
713,120.691851,36.354600
714,120.691870,36.354594
715,120.691890,36.354587
716,120.691909,36.354581
717,120.691928,36.354575
718,120.691947,36.354568
719,120.691966,36.354562
720,120.691985,36.354556
721,120.692004,36.354550
722,120.692023,36.354543
723,120.692042,36.354537
724,120.692061,36.354531
725,120.692080,36.354525
726,120.692099,36.354518
727,120.692118,36.354512
728,120.692137,36.354506
729,120.692156,36.354500
730,120.692175,36.354493
731,120.692194,36.354487
732,120.692213,36.354481
733,120.692232,36.354475
734,120.692251,36.354468
735,120.692289,36.354455
736,120.692308,36.354449
737,120.692327,36.354442
738,120.692346,36.354436
739,120.692365,36.354429
740,120.692384,36.354422
741,120.692403,36.354416
742,120.692422,36.354409
743,120.692441,36.354403
744,120.692460,36.354396
745,120.692479,36.354389
746,120.692498,36.354383
747,120.692517,36.354376
748,120.692536,36.354370
749,120.692555,36.354363
750,120.692574,36.354357
751,120.692593,36.354350
752,120.692612,36.354343
753,120.692631,36.354337
754,120.692650,36.354330
755,120.692669,36.354324
756,120.692689,36.354317
757,120.692708,36.354310
758,120.692727,36.354304
759,120.692746,36.354297
760,120.692765,36.354291
761,120.692784,36.354284
762,120.692803,36.354277
763,120.692822,36.354271
764,120.692841,36.354264
765,120.692860,36.354258
766,120.692879,36.354251
767,120.692898,36.354245
768,120.692917,36.354238
769,120.692936,36.354231
770,120.692955,36.354225
771,120.692974,36.354218
772,120.692993,36.354212
773,120.693012,36.354205
774,120.693031,36.354198
775,120.693050,36.354192
776,120.693069,36.354185
777,120.693088,36.354179
778,120.693126,36.354166
779,120.693146,36.354161
780,120.693165,36.354155
781,120.693184,36.354149
782,120.693203,36.354144
783,120.693223,36.354138
784,120.693242,36.354132
785,120.693261,36.354126
786,120.693281,36.354121
787,120.693300,36.354115
788,120.693319,36.354109
789,120.693338,36.354104
790,120.693358,36.354098
791,120.693377,36.354092
792,120.693396,36.354087
793,120.693416,36.354081
794,120.693435,36.354075
795,120.693454,36.354070
796,120.693473,36.354064
797,120.693493,36.354058
798,120.693512,36.354053
799,120.693531,36.354047
800,120.693550,36.354041
801,120.693570,36.354036
802,120.693589,36.354030
803,120.693608,36.354024
804,120.693628,36.354018
805,120.693647,36.354013
806,120.693666,36.354007
807,120.693685,36.354001
808,120.693705,36.353996
809,120.693745,36.353986
810,120.693766,36.353982
811,120.693787,36.353979
812,120.693808,36.353975
813,120.693828,36.353971
814,120.693849,36.353967
815,120.693870,36.353963
816,120.693891,36.353960
817,120.693912,36.353956
818,120.693933,36.353952
819,120.694089,36.359574
820,120.694100,36.359821
821,120.694116,36.360288
822,120.694137,36.361377
823,120.694169,36.362079
824,120.694169,36.362230
825,120.694180,36.362396
826,120.694207,36.363179
827,120.694250,36.364295
828,120.694255,36.364745
829,120.694266,36.365464
830,120.694255,36.365856
831,120.694159,36.366231
832,120.693934,36.353972
833,120.693934,36.353992
834,120.693935,36.354012
835,120.693935,36.354032
836,120.693936,36.354052
837,120.693936,36.354072
838,120.693937,36.354092
839,120.693937,36.354112
840,120.693938,36.354132
841,120.693939,36.354152
842,120.693939,36.354172
843,120.693940,36.354192
844,120.693940,36.354212
845,120.693941,36.354232
846,120.693941,36.354252
847,120.693942,36.354272
848,120.693942,36.354292
849,120.693943,36.354312
850,120.693944,36.354332
851,120.693944,36.354352
852,120.693945,36.354372
853,120.693945,36.354392
854,120.693946,36.354412
855,120.693946,36.354432
856,120.693947,36.354452
857,120.693947,36.354472
858,120.693948,36.354492
859,120.693949,36.354512
860,120.693949,36.354532
861,120.693950,36.354552
862,120.693950,36.354572
863,120.693951,36.354592
864,120.693951,36.354612
865,120.693952,36.354632
866,120.693952,36.354652
867,120.693953,36.354672
868,120.693954,36.354692
869,120.693954,36.354712
870,120.693955,36.354732
871,120.693955,36.354752
872,120.693956,36.354772
873,120.693956,36.354792
874,120.693957,36.354812
875,120.693957,36.354832
876,120.693958,36.354852
877,120.693959,36.354872
878,120.693959,36.354892
879,120.693960,36.354912
880,120.693960,36.354932
881,120.693961,36.354952
882,120.693961,36.354972
883,120.693962,36.354992
884,120.693962,36.355012
885,120.693963,36.355032
886,120.693964,36.355052
887,120.693964,36.355072
888,120.693965,36.355092
889,120.693965,36.355112
890,120.693966,36.355132
891,120.693966,36.355152
892,120.693967,36.355172
893,120.693967,36.355192
894,120.693968,36.355212
895,120.693969,36.355232
896,120.693969,36.355252
897,120.693970,36.355272
898,120.693970,36.355292
899,120.693971,36.355312
900,120.693971,36.355332
901,120.693972,36.355352
902,120.693972,36.355373
903,120.693973,36.355393
904,120.693974,36.355413
905,120.693974,36.355433
906,120.693975,36.355453
907,120.693975,36.355473
908,120.693976,36.355493
909,120.693976,36.355513
910,120.693977,36.355533
911,120.693977,36.355553
912,120.693978,36.355573
913,120.693979,36.355593
914,120.693979,36.355613
915,120.693980,36.355633
916,120.693980,36.355653
917,120.693981,36.355673
918,120.693981,36.355693
919,120.693982,36.355713
920,120.693982,36.355733
921,120.693983,36.355753
922,120.693984,36.355773
923,120.693984,36.355793
924,120.693985,36.355813
925,120.693985,36.355833
926,120.693986,36.355853
927,120.693986,36.355873
928,120.693987,36.355893
929,120.693987,36.355913
930,120.693988,36.355933
931,120.693989,36.355953
932,120.693989,36.355973
933,120.693990,36.355993
934,120.693990,36.356013
935,120.693991,36.356033
936,120.693991,36.356053
937,120.693992,36.356073
938,120.693992,36.356093
939,120.693993,36.356113
940,120.693994,36.356133
941,120.693994,36.356153
942,120.693995,36.356173
943,120.693995,36.356193
944,120.693996,36.356213
945,120.693996,36.356233
946,120.693997,36.356253
947,120.693997,36.356273
948,120.693998,36.356293
949,120.693999,36.356313
950,120.693999,36.356333
951,120.694000,36.356353
952,120.694000,36.356373
953,120.694001,36.356393
954,120.694001,36.356413
955,120.694002,36.356433
956,120.694002,36.356453
957,120.694003,36.356473
958,120.694004,36.356493
959,120.694004,36.356513
960,120.694005,36.356533
961,120.694005,36.356553
962,120.694006,36.356573
963,120.694006,36.356593
964,120.694007,36.356613
965,120.694007,36.356633
966,120.694008,36.356653
967,120.694009,36.356673
968,120.694009,36.356693
969,120.694010,36.356713
970,120.694010,36.356733
971,120.694011,36.356753
972,120.694011,36.356773
973,120.694012,36.356793
974,120.694012,36.356813
975,120.694013,36.356833
976,120.694013,36.356853
977,120.694014,36.356873
978,120.694015,36.356893
979,120.694015,36.356913
980,120.694016,36.356933
981,120.694016,36.356953
982,120.694017,36.356973
983,120.694017,36.356993
984,120.694018,36.357013
985,120.694018,36.357033
986,120.694019,36.357053
987,120.694020,36.357073
988,120.694020,36.357093
989,120.694021,36.357113
990,120.694021,36.357133
991,120.694022,36.357153
992,120.694022,36.357173
993,120.694023,36.357193
994,120.694023,36.357213
995,120.694024,36.357233
996,120.694025,36.357253
997,120.694025,36.357273
998,120.694026,36.357293
999,120.694026,36.357313
1000,120.694027,36.357333
1001,120.694027,36.357353
1002,120.694028,36.357373
1003,120.694028,36.357393
1004,120.694029,36.357413
1005,120.694030,36.357433
1006,120.694030,36.357453
1007,120.694031,36.357473
1008,120.694031,36.357493
1009,120.694032,36.357513
1010,120.694032,36.357533
1011,120.694033,36.357553
1012,120.694033,36.357573
1013,120.694034,36.357593
1014,120.694035,36.357613
1015,120.694035,36.357633
1016,120.694036,36.357653
1017,120.694036,36.357673
1018,120.694037,36.357693
1019,120.694037,36.357713
1020,120.694038,36.357733
1021,120.694038,36.357753
1022,120.694039,36.357773
1023,120.694040,36.357793
1024,120.694040,36.357813
1025,120.694041,36.357833
1026,120.694041,36.357853
1027,120.694042,36.357873
1028,120.694042,36.357893
1029,120.694043,36.357913
1030,120.694043,36.357933
1031,120.694044,36.357953
1032,120.694045,36.357973
1033,120.694045,36.357993
1034,120.694046,36.358013
1035,120.694046,36.358033
1036,120.694047,36.358053
1037,120.694047,36.358073
1038,120.694048,36.358093
1039,120.694048,36.358113
1040,120.694049,36.358133
1041,120.694050,36.358153
1042,120.694050,36.358174
1043,120.694051,36.358194
1044,120.694051,36.358214
1045,120.694052,36.358234
1046,120.694052,36.358254
1047,120.694053,36.358274
1048,120.694053,36.358294
1049,120.694054,36.358314
1050,120.694055,36.358334
1051,120.694055,36.358354
1052,120.694056,36.358374
1053,120.694056,36.358394
1054,120.694057,36.358414
1055,120.694057,36.358434
1056,120.694058,36.358454
1057,120.694058,36.358474
1058,120.694059,36.358494
1059,120.694060,36.358514
1060,120.694060,36.358534
1061,120.694061,36.358554
1062,120.694061,36.358574
1063,120.694062,36.358594
1064,120.694062,36.358614
1065,120.694063,36.358634
1066,120.694063,36.358654
1067,120.694064,36.358674
1068,120.694065,36.358694
1069,120.694065,36.358714
1070,120.694066,36.358734
1071,120.694066,36.358754
1072,120.694067,36.358774
1073,120.694067,36.358794
1074,120.694068,36.358814
1075,120.694068,36.358834
1076,120.694069,36.358854
1077,120.694070,36.358874
1078,120.694070,36.358894
1079,120.694071,36.358914
1080,120.694071,36.358934
1081,120.694072,36.358954
1082,120.694072,36.358974
1083,120.694073,36.358994
1084,120.694073,36.359014
1085,120.694074,36.359034
1086,120.694075,36.359054
1087,120.694075,36.359074
1088,120.694076,36.359094
1089,120.694076,36.359114
1090,120.694077,36.359134
1091,120.694077,36.359154
1092,120.694078,36.359174
1093,120.694078,36.359194
1094,120.694079,36.359214
1095,120.694080,36.359234
1096,120.694080,36.359254
1097,120.694081,36.359274
1098,120.694081,36.359294
1099,120.694082,36.359314
1100,120.694082,36.359334
1101,120.694083,36.359354
1102,120.694083,36.359374
1103,120.694084,36.359394
1104,120.694085,36.359414
1105,120.694085,36.359434
1106,120.694086,36.359454
1107,120.694086,36.359474
1108,120.694087,36.359494
1109,120.694087,36.359514
1110,120.694088,36.359534
1111,120.694088,36.359554
1112,120.694090,36.359595
1113,120.694091,36.359615
1114,120.694092,36.359636
1115,120.694093,36.359656
1116,120.694094,36.359677
1117,120.694095,36.359697
1118,120.694095,36.359718
1119,120.694096,36.359739
1120,120.694097,36.359759
1121,120.694098,36.359780
1122,120.694099,36.359800
1123,120.694101,36.359841
1124,120.694101,36.359862
1125,120.694102,36.359882
1126,120.694103,36.359902
1127,120.694103,36.359923
1128,120.694104,36.359943
1129,120.694105,36.359963
1130,120.694106,36.359983
1131,120.694106,36.360004
1132,120.694107,36.360024
1133,120.694108,36.360044
1134,120.694108,36.360065
1135,120.694109,36.360085
1136,120.694110,36.360105
1137,120.694110,36.360126
1138,120.694111,36.360146
1139,120.694112,36.360166
1140,120.694113,36.360186
1141,120.694113,36.360207
1142,120.694114,36.360227
1143,120.694115,36.360247
1144,120.694115,36.360268
1145,120.694116,36.360308
1146,120.694117,36.360328
1147,120.694117,36.360349
1148,120.694118,36.360369
1149,120.694118,36.360389
1150,120.694118,36.360409
1151,120.694119,36.360429
1152,120.694119,36.360449
1153,120.694119,36.360469
1154,120.694120,36.360490
1155,120.694120,36.360510
1156,120.694121,36.360530
1157,120.694121,36.360550
1158,120.694121,36.360570
1159,120.694122,36.360591
1160,120.694122,36.360611
1161,120.694123,36.360631
1162,120.694123,36.360651
1163,120.694123,36.360671
1164,120.694124,36.360691
1165,120.694124,36.360711
1166,120.694125,36.360732
1167,120.694125,36.360752
1168,120.694125,36.360772
1169,120.694126,36.360792
1170,120.694126,36.360812
1171,120.694126,36.360833
1172,120.694127,36.360853
1173,120.694127,36.360873
1174,120.694128,36.360893
1175,120.694128,36.360913
1176,120.694128,36.360933
1177,120.694129,36.360953
1178,120.694129,36.360974
1179,120.694130,36.360994
1180,120.694130,36.361014
1181,120.694130,36.361034
1182,120.694131,36.361054
1183,120.694131,36.361075
1184,120.694132,36.361095
1185,120.694132,36.361115
1186,120.694132,36.361135
1187,120.694133,36.361155
1188,120.694133,36.361175
1189,120.694133,36.361195
1190,120.694134,36.361216
1191,120.694134,36.361236
1192,120.694135,36.361256
1193,120.694135,36.361276
1194,120.694135,36.361296
1195,120.694136,36.361317
1196,120.694136,36.361337
1197,120.694137,36.361357
1198,120.694138,36.361397
1199,120.694139,36.361417
1200,120.694140,36.361437
1201,120.694141,36.361457
1202,120.694142,36.361477
1203,120.694142,36.361497
1204,120.694143,36.361517
1205,120.694144,36.361537
1206,120.694145,36.361558
1207,120.694146,36.361578
1208,120.694147,36.361598
1209,120.694148,36.361618
1210,120.694149,36.361638
1211,120.694150,36.361658
1212,120.694151,36.361678
1213,120.694152,36.361698
1214,120.694153,36.361718
1215,120.694153,36.361738
1216,120.694154,36.361758
1217,120.694155,36.361778
1218,120.694156,36.361798
1219,120.694157,36.361818
1220,120.694158,36.361838
1221,120.694159,36.361858
1222,120.694160,36.361878
1223,120.694161,36.361898
1224,120.694162,36.361919
1225,120.694163,36.361939
1226,120.694164,36.361959
1227,120.694164,36.361979
1228,120.694165,36.361999
1229,120.694166,36.362019
1230,120.694167,36.362039
1231,120.694168,36.362059
1232,120.694169,36.362101
1233,120.694169,36.362122
1234,120.694169,36.362144
1235,120.694169,36.362165
1236,120.694169,36.362187
1237,120.694169,36.362208
1238,120.694170,36.362251
1239,120.694172,36.362271
1240,120.694173,36.362292
1241,120.694175,36.362313
1242,120.694176,36.362334
1243,120.694177,36.362354
1244,120.694179,36.362375
1245,120.694181,36.362416
1246,120.694181,36.362436
1247,120.694182,36.362456
1248,120.694183,36.362476
1249,120.694183,36.362496
1250,120.694184,36.362516
1251,120.694185,36.362537
1252,120.694186,36.362557
1253,120.694186,36.362577
1254,120.694187,36.362597
1255,120.694188,36.362617
1256,120.694188,36.362637
1257,120.694189,36.362657
1258,120.694190,36.362677
1259,120.694190,36.362697
1260,120.694191,36.362717
1261,120.694192,36.362737
1262,120.694192,36.362757
1263,120.694193,36.362777
1264,120.694194,36.362798
1265,120.694195,36.362818
1266,120.694195,36.362838
1267,120.694196,36.362858
1268,120.694197,36.362878
1269,120.694197,36.362898
1270,120.694198,36.362918
1271,120.694199,36.362938
1272,120.694199,36.362958
1273,120.694200,36.362978
1274,120.694201,36.362998
1275,120.694201,36.363018
1276,120.694202,36.363038
1277,120.694203,36.363059
1278,120.694204,36.363079
1279,120.694204,36.363099
1280,120.694205,36.363119
1281,120.694206,36.363139
1282,120.694206,36.363159
1283,120.694208,36.363199
1284,120.694209,36.363220
1285,120.694209,36.363240
1286,120.694210,36.363260
1287,120.694211,36.363280
1288,120.694212,36.363301
1289,120.694212,36.363321
1290,120.694213,36.363341
1291,120.694214,36.363362
1292,120.694215,36.363382
1293,120.694216,36.363402
1294,120.694216,36.363422
1295,120.694217,36.363443
1296,120.694218,36.363463
1297,120.694219,36.363483
1298,120.694220,36.363504
1299,120.694220,36.363524
1300,120.694221,36.363544
1301,120.694222,36.363565
1302,120.694223,36.363585
1303,120.694223,36.363605
1304,120.694224,36.363625
1305,120.694225,36.363646
1306,120.694226,36.363666
1307,120.694227,36.363686
1308,120.694227,36.363707
1309,120.694228,36.363727
1310,120.694229,36.363747
1311,120.694230,36.363767
1312,120.694230,36.363788
1313,120.694231,36.363808
1314,120.694232,36.363828
1315,120.694233,36.363849
1316,120.694234,36.363869
1317,120.694234,36.363889
1318,120.694235,36.363909
1319,120.694236,36.363930
1320,120.694237,36.363950
1321,120.694237,36.363970
1322,120.694238,36.363991
1323,120.694239,36.364011
1324,120.694240,36.364031
1325,120.694241,36.364052
1326,120.694241,36.364072
1327,120.694242,36.364092
1328,120.694243,36.364112
1329,120.694244,36.364133
1330,120.694245,36.364153
1331,120.694245,36.364173
1332,120.694246,36.364194
1333,120.694247,36.364214
1334,120.694248,36.364234
1335,120.694248,36.364254
1336,120.694249,36.364275
1337,120.694250,36.364315
1338,120.694250,36.364336
1339,120.694251,36.364356
1340,120.694251,36.364377
1341,120.694251,36.364397
1342,120.694251,36.364418
1343,120.694252,36.364438
1344,120.694252,36.364459
1345,120.694252,36.364479
1346,120.694252,36.364500
1347,120.694253,36.364520
1348,120.694253,36.364540
1349,120.694253,36.364561
1350,120.694253,36.364581
1351,120.694253,36.364602
1352,120.694254,36.364622
1353,120.694254,36.364643
1354,120.694254,36.364663
1355,120.694254,36.364684
1356,120.694255,36.364704
1357,120.694255,36.364725
1358,120.694255,36.364766
1359,120.694256,36.364786
1360,120.694256,36.364807
1361,120.694256,36.364827
1362,120.694257,36.364848
1363,120.694257,36.364868
1364,120.694257,36.364889
1365,120.694258,36.364909
1366,120.694258,36.364930
1367,120.694258,36.364950
1368,120.694258,36.364971
1369,120.694259,36.364992
1370,120.694259,36.365012
1371,120.694259,36.365033
1372,120.694260,36.365053
1373,120.694260,36.365074
1374,120.694260,36.365094
1375,120.694261,36.365115
1376,120.694261,36.365135
1377,120.694261,36.365156
1378,120.694262,36.365176
1379,120.694262,36.365197
1380,120.694262,36.365217
1381,120.694263,36.365238
1382,120.694263,36.365259
1383,120.694263,36.365279
1384,120.694263,36.365300
1385,120.694264,36.365320
1386,120.694264,36.365341
1387,120.694264,36.365361
1388,120.694265,36.365382
1389,120.694265,36.365402
1390,120.694265,36.365423
1391,120.694266,36.365443
1392,120.694265,36.365485
1393,120.694265,36.365505
1394,120.694264,36.365526
1395,120.694264,36.365547
1396,120.694263,36.365567
1397,120.694263,36.365588
1398,120.694262,36.365608
1399,120.694261,36.365629
1400,120.694261,36.365650
1401,120.694260,36.365670
1402,120.694260,36.365691
1403,120.694259,36.365712
1404,120.694258,36.365732
1405,120.694258,36.365753
1406,120.694257,36.365773
1407,120.694257,36.365794
1408,120.694256,36.365815
1409,120.694256,36.365835
1410,120.694250,36.365876
1411,120.694245,36.365895
1412,120.694240,36.365915
1413,120.694235,36.365935
1414,120.694230,36.365955
1415,120.694225,36.365974
1416,120.694220,36.365994
1417,120.694215,36.366014
1418,120.694210,36.366034
1419,120.694204,36.366053
1420,120.694199,36.366073
1421,120.694194,36.366093
1422,120.694189,36.366113
1423,120.694184,36.366132
1424,120.694179,36.366152
1425,120.694174,36.366172
1426,120.694169,36.366192
1427,120.694164,36.366211
1428,120.694239,36.366237
1429,120.694094,36.366645
1430,120.694035,36.366821
1431,120.693890,36.367133
1432,120.693692,36.367471
1433,120.692753,36.368930
1434,120.692158,36.369986
1435,120.691906,36.370426
1436,120.691857,36.370507
1437,120.691729,36.370823
1438,120.691433,36.371585
1439,120.691176,36.372416
1440,120.691106,36.372653
1441,120.690629,36.374235
1442,120.690516,36.374627
1443,120.690436,36.374981
1444,120.690382,36.375303
1445,120.690350,36.375598
1446,120.690350,36.375732
1447,120.690350,36.375925
1448,120.690350,36.376086
1449,120.690409,36.376842
1450,120.690436,36.377202
1451,120.694232,36.366256
1452,120.694225,36.366276
1453,120.694218,36.366295
1454,120.694211,36.366315
1455,120.694204,36.366334
1456,120.694198,36.366354
1457,120.694191,36.366373
1458,120.694184,36.366392
1459,120.694177,36.366412
1460,120.694170,36.366431
1461,120.694163,36.366451
1462,120.694156,36.366470
1463,120.694149,36.366490
1464,120.694142,36.366509
1465,120.694135,36.366528
1466,120.694129,36.366548
1467,120.694122,36.366567
1468,120.694115,36.366587
1469,120.694108,36.366606
1470,120.694101,36.366626
1471,120.694087,36.366665
1472,120.694081,36.366684
1473,120.694074,36.366704
1474,120.694068,36.366723
1475,120.694061,36.366743
1476,120.694055,36.366762
1477,120.694048,36.366782
1478,120.694042,36.366801
1479,120.694026,36.366839
1480,120.694018,36.366858
1481,120.694009,36.366876
1482,120.694001,36.366894
1483,120.693992,36.366913
1484,120.693984,36.366931
1485,120.693975,36.366949
1486,120.693967,36.366968
1487,120.693958,36.366986
1488,120.693950,36.367005
1489,120.693941,36.367023
1490,120.693933,36.367041
1491,120.693924,36.367060
1492,120.693916,36.367078
1493,120.693907,36.367096
1494,120.693899,36.367115
1495,120.693880,36.367151
1496,120.693869,36.367169
1497,120.693859,36.367186
1498,120.693848,36.367204
1499,120.693838,36.367222
1500,120.693827,36.367240
1501,120.693817,36.367258
1502,120.693807,36.367275
1503,120.693796,36.367293
1504,120.693786,36.367311
1505,120.693775,36.367329
1506,120.693765,36.367346
1507,120.693755,36.367364
1508,120.693744,36.367382
1509,120.693734,36.367400
1510,120.693723,36.367418
1511,120.693713,36.367435
1512,120.693702,36.367453
1513,120.693681,36.367488
1514,120.693670,36.367505
1515,120.693659,36.367522
1516,120.693648,36.367539
1517,120.693637,36.367556
1518,120.693626,36.367573
1519,120.693616,36.367590
1520,120.693605,36.367607
1521,120.693594,36.367624
1522,120.693583,36.367641
1523,120.693572,36.367658
1524,120.693561,36.367675
1525,120.693550,36.367692
1526,120.693539,36.367709
1527,120.693528,36.367725
1528,120.693517,36.367742
1529,120.693506,36.367759
1530,120.693495,36.367776
1531,120.693485,36.367793
1532,120.693474,36.367810
1533,120.693463,36.367827
1534,120.693452,36.367844
1535,120.693441,36.367861
1536,120.693430,36.367878
1537,120.693419,36.367895
1538,120.693408,36.367912
1539,120.693397,36.367929
1540,120.693386,36.367946
1541,120.693375,36.367963
1542,120.693364,36.367980
1543,120.693354,36.367997
1544,120.693343,36.368014
1545,120.693332,36.368031
1546,120.693321,36.368048
1547,120.693310,36.368065
1548,120.693299,36.368082
1549,120.693288,36.368099
1550,120.693277,36.368116
1551,120.693266,36.368133
1552,120.693255,36.368150
1553,120.693244,36.368167
1554,120.693233,36.368184
1555,120.693222,36.368201
1556,120.693212,36.368217
1557,120.693201,36.368234
1558,120.693190,36.368251
1559,120.693179,36.368268
1560,120.693168,36.368285
1561,120.693157,36.368302
1562,120.693146,36.368319
1563,120.693135,36.368336
1564,120.693124,36.368353
1565,120.693113,36.368370
1566,120.693102,36.368387
1567,120.693091,36.368404
1568,120.693081,36.368421
1569,120.693070,36.368438
1570,120.693059,36.368455
1571,120.693048,36.368472
1572,120.693037,36.368489
1573,120.693026,36.368506
1574,120.693015,36.368523
1575,120.693004,36.368540
1576,120.692993,36.368557
1577,120.692982,36.368574
1578,120.692971,36.368591
1579,120.692960,36.368608
1580,120.692950,36.368625
1581,120.692939,36.368642
1582,120.692928,36.368659
1583,120.692917,36.368676
1584,120.692906,36.368692
1585,120.692895,36.368709
1586,120.692884,36.368726
1587,120.692873,36.368743
1588,120.692862,36.368760
1589,120.692851,36.368777
1590,120.692840,36.368794
1591,120.692829,36.368811
1592,120.692819,36.368828
1593,120.692808,36.368845
1594,120.692797,36.368862
1595,120.692786,36.368879
1596,120.692775,36.368896
1597,120.692764,36.368913
1598,120.692743,36.368948
1599,120.692733,36.368965
1600,120.692723,36.368983
